Date,Time,EventType,IP_Address,UserName,Status,Country,ResponseTime
2026-04-03,12:00:00,Port Scan,14.82.187.158,-,Failed,India,819
2026-04-22,22:00:00,Successful Login,61.171.125.70,root,Success,Colombia,1010
2026-04-08,23:00:00,Brute Force Attempt,41.11.62.87,user,Detected,Brazil,799
2026-05-01,11:00:00,Failed Login,164.19.50.62,alejandro,Success,Nigeria,479
2026-04-19,14:00:00,Successful Login,46.88.39.220,alejandro,Failed,India,1106
2026-04-15,19:00:00,Successful Login,8.197.8.160,-,Failed,Russia,654
2026-04-21,21:00:00,Successful Login,93.245.139.221,-,Success,India,1239
2026-04-23,21:00:00,Port Scan,153.108.89.94,alejandro,Failed,Colombia,1172
2026-04-02,10:00:00,Brute Force Attempt,25.196.130.195,-,Success,Nigeria,1455
2026-04-12,12:00:00,Successful Login,215.174.205.238,administrator,Detected,Russia,1146
2026-04-25,20:00:00,Failed Login,114.111.28.181,root,Success,Colombia,1467
2026-04-05,17:00:00,Port Scan,43.160.97.72,user,Failed,India,570
2026-04-02,14:00:00,Successful Login,201.80.38.220,-,Failed,Brazil,1104
2026-04-27,13:00:00,Failed Login,34.137.145.220,administrator,Success,Russia,568
2026-04-05,09:00:00,Port Scan,113.195.214.34,-,Success,India,383
2026-04-19,12:00:00,Brute Force Attempt,39.62.104.231,-,Detected,Russia,227
2026-04-14,18:00:00,Failed Login,11.39.205.154,administrator,Failed,Colombia,1291
2026-04-03,07:00:00,Brute Force Attempt,128.107.10.42,alejandro,Failed,Nigeria,751
2026-04-04,23:00:00,Successful Login,99.204.22.122,user,Detected,China,1462
2026-04-23,12:00:00,Successful Login,72.179.81.43,-,Detected,USA,124
2026-04-13,23:00:00,Brute Force Attempt,23.165.158.105,root,Failed,Brazil,954
2026-04-21,05:00:00,Failed Login,128.29.197.189,guest,Detected,Brazil,66
2026-04-12,23:00:00,Successful Login,59.24.159.120,root,Success,India,383
2026-04-03,06:00:00,Brute Force Attempt,1.90.82.35,administrator,Failed,China,1388
2026-04-15,15:00:00,Brute Force Attempt,88.8.103.6,-,Detected,Brazil,1338
2026-04-21,16:00:00,Port Scan,102.65.158.103,-,Failed,Brazil,437
2026-04-30,18:00:00,Failed Login,195.100.126.186,alejandro,Detected,Russia,279
2026-05-01,17:00:00,Brute Force Attempt,211.134.212.141,admin,Success,India,853
2026-04-05,09:00:00,Port Scan,159.224.169.89,luis,Failed,Colombia,689
2026-04-14,17:00:00,Port Scan,43.28.37.65,alejandro,Detected,USA,616
2026-04-28,12:00:00,Brute Force Attempt,82.125.116.107,-,Success,India,692
2026-04-11,14:00:00,Brute Force Attempt,98.152.92.241,admin,Detected,Russia,807
2026-04-08,11:00:00,Successful Login,223.110.138.16,carlos,Success,Brazil,404
2026-04-20,09:00:00,Port Scan,25.220.250.94,user,Success,Brazil,211
2026-04-04,23:00:00,Successful Login,176.201.58.175,guest,Detected,India,1146
2026-04-17,13:00:00,Brute Force Attempt,64.0.6.5,alejandro,Failed,Russia,388
2026-04-03,17:00:00,Successful Login,115.29.238.242,guest,Detected,India,1013
2026-04-22,01:00:00,Failed Login,35.151.85.139,-,Failed,USA,916
2026-04-26,22:00:00,Brute Force Attempt,147.237.71.37,guest,Detected,USA,941
2026-04-07,17:00:00,Port Scan,133.117.125.45,administrator,Detected,Brazil,1077
2026-04-26,17:00:00,Brute Force Attempt,201.29.163.89,-,Detected,Russia,1184
2026-04-06,04:00:00,Port Scan,51.229.71.104,-,Detected,China,40
2026-04-07,07:00:00,Brute Force Attempt,14.65.30.19,alejandro,Success,USA,225
2026-04-25,10:00:00,Port Scan,161.179.10.234,carlos,Failed,Colombia,1372
2026-04-06,20:00:00,Successful Login,181.120.1.49,-,Detected,China,731
2026-04-22,14:00:00,Successful Login,175.161.142.120,alejandro,Failed,China,67
2026-04-08,04:00:00,Successful Login,13.59.191.182,guest,Detected,Brazil,1057
2026-04-09,10:00:00,Port Scan,162.83.7.129,administrator,Success,USA,1222
2026-04-21,00:00:00,Port Scan,192.165.205.63,root,Success,Nigeria,155
2026-04-29,09:00:00,Successful Login,68.105.222.218,guest,Detected,Russia,245
2026-04-19,18:00:00,Successful Login,46.176.155.144,-,Success,Brazil,933
2026-04-19,14:00:00,Brute Force Attempt,25.230.77.38,-,Detected,Nigeria,1045
2026-04-17,00:00:00,Failed Login,19.156.102.21,alejandro,Detected,India,670
2026-04-10,02:00:00,Brute Force Attempt,144.223.227.93,-,Failed,Nigeria,60
2026-04-14,23:00:00,Successful Login,50.22.190.17,user,Detected,Brazil,666
2026-04-07,04:00:00,Successful Login,21.135.64.42,-,Failed,Russia,1409
2026-04-28,20:00:00,Successful Login,47.39.31.31,user,Success,USA,659
2026-04-16,11:00:00,Failed Login,16.55.208.139,carlos,Failed,Colombia,570
2026-04-24,00:00:00,Brute Force Attempt,48.157.206.229,luis,Detected,USA,1058
2026-04-25,04:00:00,Port Scan,219.180.119.145,-,Detected,Russia,304
2026-04-30,18:00:00,Port Scan,161.84.50.165,-,Detected,India,993
2026-04-29,18:00:00,Failed Login,43.7.70.236,-,Failed,China,1270
2026-04-22,06:00:00,Failed Login,105.178.172.175,admin,Failed,USA,1425
2026-04-16,02:00:00,Brute Force Attempt,127.239.254.67,guest,Success,China,222
2026-04-05,02:00:00,Brute Force Attempt,173.70.60.145,administrator,Detected,Colombia,1064
2026-04-05,23:00:00,Port Scan,181.196.81.179,guest,Failed,Colombia,1176
2026-04-23,01:00:00,Brute Force Attempt,188.233.212.222,carlos,Detected,Russia,1244
2026-04-30,07:00:00,Successful Login,186.0.195.159,guest,Success,Brazil,1056
2026-04-27,12:00:00,Successful Login,30.251.56.206,luis,Success,China,419
2026-04-21,01:00:00,Brute Force Attempt,209.78.168.45,carlos,Failed,USA,380
2026-04-29,18:00:00,Successful Login,114.81.208.238,-,Detected,Nigeria,425
2026-04-29,16:00:00,Failed Login,161.190.238.5,luis,Detected,China,1348
2026-04-30,23:00:00,Port Scan,173.226.73.243,alejandro,Failed,USA,459
2026-04-18,13:00:00,Successful Login,103.237.174.253,-,Success,USA,133
2026-04-22,21:00:00,Successful Login,20.184.8.206,user,Success,Brazil,350
2026-04-04,11:00:00,Port Scan,75.153.190.224,administrator,Detected,Brazil,1097
2026-04-24,07:00:00,Brute Force Attempt,65.77.109.67,root,Success,USA,1062
2026-04-29,14:00:00,Brute Force Attempt,78.46.76.52,luis,Detected,Colombia,910
2026-04-21,16:00:00,Port Scan,165.225.40.180,luis,Failed,China,1259
2026-04-13,09:00:00,Brute Force Attempt,147.131.131.18,-,Detected,Brazil,398
2026-04-26,06:00:00,Brute Force Attempt,212.100.199.238,administrator,Success,China,1487
2026-04-20,10:00:00,Successful Login,151.85.253.41,administrator,Failed,China,118
2026-04-12,19:00:00,Port Scan,221.153.139.102,user,Success,USA,261
2026-04-11,11:00:00,Failed Login,89.0.193.68,alejandro,Success,Nigeria,43
2026-04-22,12:00:00,Port Scan,11.75.206.39,administrator,Failed,India,196
2026-04-17,19:00:00,Port Scan,43.101.250.143,-,Detected,Nigeria,1272
2026-04-18,07:00:00,Successful Login,33.186.43.128,guest,Failed,India,681
2026-04-02,05:00:00,Failed Login,5.250.211.159,-,Detected,USA,712
2026-04-28,05:00:00,Successful Login,209.56.38.83,-,Success,Nigeria,1035
2026-04-20,17:00:00,Brute Force Attempt,165.198.7.45,-,Failed,Russia,888
2026-04-19,06:00:00,Successful Login,9.88.7.129,user,Detected,USA,1004
2026-04-24,10:00:00,Failed Login,27.196.74.81,-,Failed,Colombia,124
2026-04-11,03:00:00,Failed Login,52.18.239.8,user,Detected,Nigeria,334
2026-04-20,22:00:00,Successful Login,53.20.159.166,-,Success,Russia,631
2026-04-08,14:00:00,Failed Login,142.199.26.223,carlos,Failed,India,372
2026-04-03,01:00:00,Failed Login,20.188.0.184,-,Success,India,1490
2026-04-15,23:00:00,Successful Login,82.241.172.148,admin,Failed,Russia,985
2026-04-21,06:00:00,Failed Login,68.217.137.186,root,Success,Russia,51
2026-04-08,12:00:00,Brute Force Attempt,128.135.63.71,-,Failed,China,903
2026-04-14,18:00:00,Failed Login,168.158.98.175,-,Failed,USA,1402
2026-04-28,01:00:00,Brute Force Attempt,97.235.12.50,guest,Detected,Colombia,120
2026-04-19,14:00:00,Failed Login,152.190.215.99,-,Failed,India,668
2026-04-27,22:00:00,Port Scan,3.188.190.64,guest,Detected,Nigeria,1480
2026-04-14,12:00:00,Port Scan,209.3.15.222,root,Success,Russia,1045
2026-04-18,01:00:00,Brute Force Attempt,214.39.108.84,admin,Success,Colombia,1277
2026-04-29,00:00:00,Port Scan,43.6.47.43,carlos,Detected,Nigeria,586
2026-04-04,19:00:00,Failed Login,218.113.163.244,-,Failed,Brazil,437
2026-05-01,05:00:00,Failed Login,47.6.247.57,user,Failed,Brazil,588
2026-04-08,04:00:00,Port Scan,151.66.214.224,carlos,Success,Nigeria,445
2026-04-16,05:00:00,Successful Login,75.218.65.95,-,Failed,India,808
2026-04-30,19:00:00,Brute Force Attempt,77.27.162.170,-,Detected,India,519
2026-04-02,04:00:00,Port Scan,79.39.189.159,alejandro,Detected,India,673
2026-05-01,20:00:00,Port Scan,35.183.85.224,-,Failed,Colombia,1121
2026-04-20,05:00:00,Successful Login,194.18.255.168,user,Success,India,1005
2026-04-02,18:00:00,Port Scan,123.252.58.131,luis,Failed,USA,417
2026-04-12,06:00:00,Successful Login,155.154.62.227,carlos,Success,Russia,570
2026-04-25,20:00:00,Failed Login,192.246.95.44,administrator,Success,Russia,438
2026-04-05,06:00:00,Brute Force Attempt,77.122.76.77,-,Success,Russia,1468
2026-04-21,19:00:00,Failed Login,223.208.235.114,-,Failed,China,1242
2026-04-14,18:00:00,Brute Force Attempt,15.4.236.32,alejandro,Failed,China,753
2026-04-24,08:00:00,Brute Force Attempt,122.207.181.244,-,Success,Nigeria,119
2026-04-14,07:00:00,Successful Login,118.95.182.147,administrator,Failed,Russia,1091
2026-05-01,03:00:00,Brute Force Attempt,211.127.210.199,alejandro,Success,Nigeria,1091
2026-04-23,07:00:00,Port Scan,16.239.179.10,user,Success,USA,348
2026-04-01,09:00:00,Brute Force Attempt,70.236.38.172,root,Failed,Brazil,189
2026-04-12,01:00:00,Failed Login,104.109.228.198,-,Detected,Nigeria,1441
2026-04-21,05:00:00,Successful Login,20.220.26.116,-,Success,India,1155
2026-04-08,04:00:00,Successful Login,12.179.211.45,user,Failed,Brazil,992
2026-04-01,03:00:00,Successful Login,133.40.214.251,user,Detected,India,764
2026-04-25,22:00:00,Failed Login,182.74.138.218,administrator,Success,Nigeria,1330
2026-04-12,04:00:00,Failed Login,180.171.232.130,root,Success,India,575
2026-04-14,09:00:00,Failed Login,12.54.103.254,carlos,Failed,India,831
2026-04-13,23:00:00,Brute Force Attempt,101.60.92.92,root,Failed,Colombia,677
2026-04-14,19:00:00,Brute Force Attempt,51.127.198.219,-,Success,Russia,1306
2026-04-01,07:00:00,Successful Login,195.242.97.164,root,Detected,Colombia,695
2026-04-15,21:00:00,Successful Login,159.8.60.73,alejandro,Failed,Nigeria,211
2026-05-01,20:00:00,Failed Login,71.133.117.17,admin,Success,USA,1135
2026-04-17,18:00:00,Brute Force Attempt,48.135.77.228,luis,Failed,Nigeria,879
2026-04-15,18:00:00,Failed Login,178.13.181.106,-,Success,USA,534
2026-04-08,00:00:00,Successful Login,62.143.198.22,administrator,Detected,Colombia,420
2026-04-22,07:00:00,Port Scan,35.253.80.79,alejandro,Success,China,989
2026-04-16,05:00:00,Brute Force Attempt,154.0.211.251,-,Success,Colombia,633
2026-04-30,12:00:00,Successful Login,209.216.122.219,-,Failed,Nigeria,1158
2026-04-16,17:00:00,Failed Login,65.214.70.92,user,Detected,India,255
2026-04-24,05:00:00,Successful Login,120.251.195.32,root,Success,India,347
2026-04-18,19:00:00,Port Scan,129.80.53.152,guest,Detected,Colombia,908
2026-04-26,09:00:00,Successful Login,200.28.47.239,root,Success,Nigeria,855
2026-04-03,02:00:00,Failed Login,211.196.170.105,-,Failed,Russia,784
2026-04-05,05:00:00,Brute Force Attempt,140.40.214.205,alejandro,Detected,Russia,616
2026-04-07,16:00:00,Successful Login,205.184.20.243,guest,Failed,Colombia,1161
2026-04-14,04:00:00,Brute Force Attempt,142.39.165.12,alejandro,Failed,USA,1131
2026-04-23,01:00:00,Successful Login,4.126.222.28,-,Success,Russia,703
2026-04-02,09:00:00,Brute Force Attempt,45.222.38.30,alejandro,Success,China,1254
2026-04-11,20:00:00,Brute Force Attempt,222.214.180.67,root,Failed,Brazil,1490
2026-04-02,06:00:00,Port Scan,47.189.89.137,admin,Detected,Russia,575
2026-04-01,11:00:00,Port Scan,147.152.45.12,administrator,Detected,Brazil,880
2026-04-26,08:00:00,Brute Force Attempt,17.229.132.231,administrator,Failed,Colombia,448
2026-04-09,04:00:00,Brute Force Attempt,115.112.11.83,alejandro,Success,USA,349
2026-04-09,14:00:00,Successful Login,68.173.55.159,luis,Detected,Nigeria,823
2026-04-21,11:00:00,Failed Login,121.135.61.65,-,Detected,Brazil,402
2026-04-22,21:00:00,Successful Login,177.107.196.229,user,Success,Colombia,1226
2026-05-01,17:00:00,Successful Login,186.139.51.250,-,Detected,China,164
2026-04-04,20:00:00,Failed Login,50.45.218.93,carlos,Failed,USA,1471
2026-04-20,06:00:00,Successful Login,144.182.26.77,alejandro,Failed,Nigeria,1121
2026-04-13,05:00:00,Successful Login,85.207.46.35,-,Failed,Nigeria,931
2026-04-12,03:00:00,Failed Login,149.223.65.179,alejandro,Failed,Nigeria,812
2026-04-05,13:00:00,Successful Login,107.163.10.37,-,Detected,Colombia,1399
2026-04-27,04:00:00,Brute Force Attempt,162.45.85.98,administrator,Success,Nigeria,125
2026-04-16,19:00:00,Brute Force Attempt,75.245.178.81,-,Detected,Brazil,245
2026-04-01,18:00:00,Failed Login,39.146.182.13,admin,Success,India,335
2026-04-29,20:00:00,Failed Login,155.108.83.117,-,Failed,Russia,175
2026-04-27,01:00:00,Successful Login,16.255.87.200,-,Success,Nigeria,433
2026-05-01,01:00:00,Successful Login,155.216.57.243,guest,Detected,Russia,1167
2026-05-01,22:00:00,Brute Force Attempt,16.182.25.234,luis,Success,Nigeria,131
2026-04-21,13:00:00,Port Scan,96.200.42.107,-,Success,USA,1222
2026-04-25,13:00:00,Failed Login,213.76.82.250,-,Success,Nigeria,1351
2026-04-24,03:00:00,Port Scan,42.30.50.105,admin,Failed,Colombia,645
2026-04-30,03:00:00,Port Scan,7.54.167.11,-,Detected,China,357
2026-04-21,16:00:00,Failed Login,77.106.0.87,alejandro,Success,Colombia,1117
2026-04-16,05:00:00,Brute Force Attempt,25.53.229.193,guest,Success,China,696
2026-04-07,09:00:00,Failed Login,156.115.243.104,admin,Failed,USA,259
2026-04-08,20:00:00,Brute Force Attempt,219.200.130.228,admin,Success,Russia,1116
2026-04-19,18:00:00,Port Scan,30.79.92.101,-,Success,USA,883
2026-04-23,22:00:00,Port Scan,175.185.43.207,admin,Detected,China,921
2026-04-29,08:00:00,Failed Login,86.226.122.71,administrator,Failed,Nigeria,285
2026-04-24,13:00:00,Successful Login,208.11.110.138,alejandro,Failed,Nigeria,368
2026-04-29,06:00:00,Successful Login,18.196.62.222,administrator,Failed,Russia,947
2026-04-16,21:00:00,Brute Force Attempt,181.141.40.11,-,Success,India,1370
2026-04-02,01:00:00,Successful Login,40.201.65.204,carlos,Failed,USA,1309
2026-04-03,14:00:00,Failed Login,223.89.196.35,luis,Success,Nigeria,201
2026-04-07,17:00:00,Successful Login,146.250.101.217,luis,Failed,China,1429
2026-04-15,04:00:00,Successful Login,41.27.247.116,user,Detected,Colombia,704
2026-04-30,06:00:00,Port Scan,87.185.28.53,alejandro,Failed,China,1283
2026-04-10,07:00:00,Failed Login,83.17.235.216,alejandro,Failed,USA,1086
2026-04-06,11:00:00,Brute Force Attempt,113.193.151.130,carlos,Success,Russia,1271
2026-04-03,18:00:00,Failed Login,150.4.46.171,admin,Detected,USA,988
2026-04-14,20:00:00,Brute Force Attempt,72.14.194.177,-,Failed,Brazil,95
2026-04-17,15:00:00,Brute Force Attempt,55.128.208.19,administrator,Detected,Brazil,747
2026-04-11,03:00:00,Port Scan,193.139.116.214,carlos,Detected,India,1492
2026-04-01,21:00:00,Failed Login,131.153.147.105,carlos,Detected,India,786
2026-04-15,20:00:00,Port Scan,210.23.215.31,root,Failed,Russia,770
2026-04-24,19:00:00,Port Scan,45.233.147.81,root,Success,Colombia,63
2026-04-24,18:00:00,Port Scan,147.177.171.230,user,Failed,Colombia,933
2026-04-02,05:00:00,Port Scan,133.244.48.124,administrator,Failed,Colombia,52
2026-04-05,09:00:00,Port Scan,206.196.188.97,user,Failed,India,1109
2026-04-18,04:00:00,Successful Login,34.7.211.159,-,Detected,USA,114
2026-04-13,17:00:00,Failed Login,14.29.18.44,user,Detected,Nigeria,212
2026-04-01,19:00:00,Port Scan,94.105.202.173,-,Detected,Colombia,1363
2026-04-13,21:00:00,Brute Force Attempt,84.166.238.218,root,Failed,India,66
2026-04-07,09:00:00,Failed Login,191.46.60.24,alejandro,Success,China,987
2026-04-22,17:00:00,Successful Login,98.107.66.227,root,Detected,China,974
2026-04-16,20:00:00,Port Scan,63.145.188.178,luis,Detected,Colombia,787
2026-04-26,21:00:00,Failed Login,148.247.142.119,guest,Detected,Brazil,62
2026-04-12,22:00:00,Failed Login,190.130.58.40,-,Detected,Russia,94
2026-04-13,11:00:00,Brute Force Attempt,202.22.122.183,-,Success,USA,1274
2026-04-28,18:00:00,Successful Login,80.231.47.219,guest,Detected,Brazil,441
2026-04-04,16:00:00,Successful Login,22.145.142.162,administrator,Detected,Brazil,1009
2026-04-10,05:00:00,Failed Login,202.42.217.34,carlos,Failed,India,702
2026-04-10,12:00:00,Port Scan,151.146.97.35,root,Success,Russia,1388
2026-04-14,03:00:00,Successful Login,192.31.157.218,alejandro,Success,Russia,1318
2026-04-26,08:00:00,Brute Force Attempt,46.183.177.33,guest,Failed,China,571
2026-04-04,11:00:00,Failed Login,89.1.140.238,-,Detected,USA,786
2026-04-11,02:00:00,Failed Login,66.65.249.151,-,Success,Russia,1358
2026-04-23,16:00:00,Successful Login,183.191.41.234,carlos,Success,USA,702
2026-04-07,01:00:00,Failed Login,156.22.104.38,user,Detected,Brazil,533
2026-04-23,02:00:00,Successful Login,216.75.1.146,guest,Detected,India,66
2026-04-27,07:00:00,Port Scan,124.11.226.22,alejandro,Failed,Nigeria,892
2026-04-13,21:00:00,Successful Login,8.48.100.205,luis,Detected,Russia,230
2026-04-13,12:00:00,Successful Login,57.240.214.129,-,Success,Nigeria,1309
2026-04-14,17:00:00,Successful Login,34.192.137.3,administrator,Success,Colombia,97
2026-04-22,11:00:00,Successful Login,210.102.8.165,alejandro,Failed,Nigeria,1304
2026-04-14,06:00:00,Failed Login,164.62.179.24,admin,Success,Colombia,1471
2026-04-02,23:00:00,Port Scan,43.167.177.214,-,Failed,Brazil,1365
2026-04-09,06:00:00,Successful Login,108.201.220.63,administrator,Failed,Colombia,911
2026-04-30,15:00:00,Failed Login,209.134.27.10,carlos,Detected,India,172
2026-04-08,01:00:00,Brute Force Attempt,29.105.211.137,-,Detected,Brazil,1183
2026-04-25,05:00:00,Failed Login,183.200.190.179,-,Failed,China,1323
2026-04-11,11:00:00,Brute Force Attempt,106.36.57.186,admin,Failed,Brazil,276
2026-04-22,23:00:00,Successful Login,56.206.224.128,alejandro,Failed,China,611
2026-05-01,08:00:00,Successful Login,209.136.194.242,admin,Detected,Brazil,712
2026-04-29,22:00:00,Successful Login,118.46.118.59,user,Failed,Nigeria,137
2026-04-21,07:00:00,Successful Login,163.18.186.136,carlos,Success,USA,75
2026-04-27,00:00:00,Port Scan,204.252.128.252,guest,Failed,USA,630
2026-04-28,03:00:00,Brute Force Attempt,147.177.0.144,root,Detected,USA,184
2026-04-24,17:00:00,Failed Login,206.40.136.214,-,Success,USA,509
2026-04-02,19:00:00,Brute Force Attempt,153.82.3.117,user,Success,China,1028
2026-04-13,14:00:00,Port Scan,75.154.197.181,-,Failed,Colombia,1414
2026-04-11,10:00:00,Successful Login,203.133.87.190,user,Detected,Colombia,1187
2026-04-02,22:00:00,Brute Force Attempt,29.13.109.154,root,Success,Nigeria,286
2026-04-11,16:00:00,Port Scan,152.42.19.239,-,Success,USA,492
2026-05-01,04:00:00,Failed Login,189.25.77.85,alejandro,Success,India,510
2026-04-15,08:00:00,Port Scan,144.244.177.121,user,Failed,India,919
2026-04-17,03:00:00,Failed Login,189.173.246.81,admin,Failed,Colombia,871
2026-04-02,15:00:00,Brute Force Attempt,48.78.12.191,alejandro,Success,China,987
2026-04-25,08:00:00,Successful Login,222.197.208.93,-,Failed,Colombia,623
2026-04-15,23:00:00,Port Scan,81.161.166.144,admin,Detected,Brazil,594
2026-04-16,18:00:00,Successful Login,98.65.164.222,alejandro,Failed,Nigeria,261
2026-04-04,18:00:00,Brute Force Attempt,82.174.13.36,guest,Detected,China,324
2026-04-27,15:00:00,Port Scan,104.43.143.176,admin,Detected,Colombia,673
2026-04-05,23:00:00,Successful Login,94.245.124.171,administrator,Success,USA,703
2026-04-07,15:00:00,Brute Force Attempt,158.48.8.121,-,Failed,USA,961
2026-04-15,12:00:00,Successful Login,91.129.35.143,-,Failed,India,47
2026-04-17,04:00:00,Port Scan,157.25.213.1,-,Detected,China,1395
2026-04-29,01:00:00,Successful Login,159.253.206.247,admin,Success,China,336
2026-04-24,14:00:00,Port Scan,85.164.153.13,carlos,Failed,Nigeria,793
2026-04-15,22:00:00,Port Scan,221.138.106.33,alejandro,Failed,USA,1389
2026-04-03,03:00:00,Brute Force Attempt,19.185.49.145,administrator,Failed,Russia,1445
2026-04-30,08:00:00,Failed Login,90.113.162.237,user,Failed,USA,1292
2026-04-07,21:00:00,Successful Login,68.121.255.155,-,Failed,China,170
2026-04-22,21:00:00,Port Scan,189.79.226.178,-,Failed,Colombia,164
2026-04-02,03:00:00,Failed Login,167.168.86.5,luis,Success,Brazil,1440
2026-04-24,15:00:00,Successful Login,185.95.6.158,admin,Failed,Russia,1367
2026-04-05,07:00:00,Port Scan,107.144.78.56,guest,Success,USA,324
2026-04-27,00:00:00,Successful Login,197.197.5.204,-,Detected,Nigeria,234
2026-04-15,12:00:00,Failed Login,49.252.245.235,administrator,Success,India,721
2026-04-30,05:00:00,Successful Login,62.244.70.4,luis,Detected,Nigeria,214
2026-04-17,05:00:00,Port Scan,44.122.120.226,administrator,Success,Colombia,1240
2026-04-12,12:00:00,Failed Login,160.202.118.31,root,Success,Russia,142
2026-04-06,16:00:00,Failed Login,116.122.253.23,carlos,Failed,Brazil,966
2026-04-29,22:00:00,Brute Force Attempt,18.233.211.40,alejandro,Detected,USA,120
2026-04-17,18:00:00,Successful Login,43.189.146.138,-,Success,Nigeria,982
2026-04-18,14:00:00,Failed Login,44.98.77.207,user,Success,Colombia,868
2026-04-22,13:00:00,Brute Force Attempt,161.185.97.205,administrator,Success,Brazil,401
2026-04-25,16:00:00,Brute Force Attempt,156.10.133.153,-,Success,Nigeria,1319
2026-04-08,14:00:00,Brute Force Attempt,34.142.80.26,carlos,Failed,Colombia,564
2026-04-30,04:00:00,Port Scan,56.215.108.119,guest,Failed,Nigeria,875
2026-04-09,17:00:00,Brute Force Attempt,153.37.125.92,-,Success,Brazil,714
2026-04-15,09:00:00,Successful Login,162.28.30.166,user,Failed,Colombia,1389
2026-04-15,08:00:00,Failed Login,61.43.35.94,admin,Failed,USA,845
2026-04-10,13:00:00,Port Scan,156.104.169.74,guest,Detected,Colombia,611
2026-04-29,16:00:00,Brute Force Attempt,46.14.249.253,user,Success,Russia,1249
2026-04-12,19:00:00,Successful Login,7.60.112.82,-,Failed,Russia,1268
2026-04-08,09:00:00,Brute Force Attempt,42.250.150.102,guest,Failed,Nigeria,1087
2026-04-17,22:00:00,Port Scan,164.225.130.181,alejandro,Success,Russia,66
2026-04-09,05:00:00,Successful Login,201.15.187.12,root,Detected,USA,116
2026-04-22,15:00:00,Brute Force Attempt,90.114.151.188,luis,Success,China,448
2026-04-25,09:00:00,Successful Login,43.218.201.27,-,Detected,China,1023
2026-05-01,13:00:00,Brute Force Attempt,170.225.234.37,guest,Detected,Nigeria,843
2026-04-17,14:00:00,Brute Force Attempt,105.76.45.186,admin,Success,India,127
2026-04-28,02:00:00,Port Scan,102.78.184.229,guest,Success,India,782
